Driver,LapNumber,LapTime,Sector1Time,Sector2Time,Sector3Time,Compound,TyreLife,FreshTyre,Stint,TrackStatus,IsAccurate
VER,8.0,0 days 00:01:45.834000,0 days 00:00:32.223000,0 days 00:00:43.021000,0 days 00:00:30.590000,INTERMEDIATE,8.0,True,1.0,1,True
VER,9.0,0 days 00:01:46.326000,0 days 00:00:32.688000,0 days 00:00:43.578000,0 days 00:00:30.060000,INTERMEDIATE,9.0,True,1.0,1,True
VER,10.0,0 days 00:01:46.432000,0 days 00:00:32.657000,0 days 00:00:44.139000,0 days 00:00:29.636000,INTERMEDIATE,10.0,True,1.0,1,True
VER,13.0,0 days 00:01:51.224000,0 days 00:00:33.824000,0 days 00:00:47.545000,0 days 00:00:29.855000,INTERMEDIATE,2.0,True,2.0,12,True
VER,22.0,0 days 00:01:51.018000,0 days 00:00:36.073000,0 days 00:00:45.732000,0 days 00:00:29.213000,INTERMEDIATE,11.0,True,2.0,12,True
VER,23.0,0 days 00:01:45.863000,0 days 00:00:33.293000,0 days 00:00:43.941000,0 days 00:00:28.629000,INTERMEDIATE,12.0,True,2.0,1,True
VER,24.0,0 days 00:01:45.017000,0 days 00:00:32.645000,0 days 00:00:43.603000,0 days 00:00:28.769000,INTERMEDIATE,13.0,True,2.0,1,True
VER,25.0,0 days 00:01:44.139000,0 days 00:00:32.336000,0 days 00:00:43.373000,0 days 00:00:28.430000,INTERMEDIATE,14.0,True,2.0,1,True
VER,26.0,0 days 00:01:44.304000,0 days 00:00:32.365000,0 days 00:00:43.372000,0 days 00:00:28.567000,INTERMEDIATE,15.0,True,2.0,1,True
VER,27.0,0 days 00:01:43.903000,0 days 00:00:32.315000,0 days 00:00:43.187000,0 days 00:00:28.401000,INTERMEDIATE,16.0,True,2.0,1,True
VER,28.0,0 days 00:01:44.243000,0 days 00:00:32.313000,0 days 00:00:43.301000,0 days 00:00:28.629000,INTERMEDIATE,17.0,True,2.0,1,True
VER,29.0,0 days 00:01:44.716000,0 days 00:00:32.647000,0 days 00:00:43.321000,0 days 00:00:28.748000,INTERMEDIATE,18.0,True,2.0,1,True
VER,30.0,0 days 00:01:44.721000,0 days 00:00:32.507000,0 days 00:00:43.399000,0 days 00:00:28.815000,INTERMEDIATE,19.0,True,2.0,1,True
VER,31.0,0 days 00:01:44.559000,0 days 00:00:32.345000,0 days 00:00:43.564000,0 days 00:00:28.650000,INTERMEDIATE,20.0,True,2.0,1,True
VER,32.0,0 days 00:01:44.511000,0 days 00:00:32.555000,0 days 00:00:43.556000,0 days 00:00:28.400000,INTERMEDIATE,21.0,True,2.0,1,True
VER,33.0,0 days 00:01:44.306000,0 days 00:00:32.321000,0 days 00:00:43.443000,0 days 00:00:28.542000,INTERMEDIATE,22.0,True,2.0,1,True
VER,34.0,0 days 00:01:43.923000,0 days 00:00:32.325000,0 days 00:00:43.352000,0 days 00:00:28.246000,INTERMEDIATE,23.0,True,2.0,1,True
VER,35.0,0 days 00:01:42.617000,0 days 00:00:32.234000,0 days 00:00:42.506000,0 days 00:00:27.877000,INTERMEDIATE,24.0,True,2.0,1,True
VER,36.0,0 days 00:01:41.924000,0 days 00:00:32.072000,0 days 00:00:42.122000,0 days 00:00:27.730000,INTERMEDIATE,25.0,True,2.0,1,True
VER,37.0,0 days 00:01:41.583000,0 days 00:00:31.969000,0 days 00:00:41.958000,0 days 00:00:27.656000,INTERMEDIATE,26.0,True,2.0,1,True
VER,38.0,0 days 00:01:41.190000,0 days 00:00:31.967000,0 days 00:00:41.824000,0 days 00:00:27.399000,INTERMEDIATE,27.0,True,2.0,1,True
VER,39.0,0 days 00:01:40.758000,0 days 00:00:31.548000,0 days 00:00:41.793000,0 days 00:00:27.417000,INTERMEDIATE,28.0,True,2.0,12,True
VER,40.0,0 days 00:01:41.474000,0 days 00:00:31.622000,0 days 00:00:42.302000,0 days 00:00:27.550000,INTERMEDIATE,29.0,True,2.0,1,True
VER,43.0,0 days 00:01:39.479000,0 days 00:00:32.586000,0 days 00:00:40.304000,0 days 00:00:26.589000,MEDIUM,2.0,True,3.0,12,True
VER,44.0,0 days 00:01:35.165000,0 days 00:00:30.500000,0 days 00:00:39.091000,0 days 00:00:25.574000,MEDIUM,3.0,True,3.0,21,True
VER,45.0,0 days 00:01:33.844000,0 days 00:00:30.213000,0 days 00:00:38.329000,0 days 00:00:25.302000,MEDIUM,4.0,True,3.0,1,True
VER,46.0,0 days 00:01:32.960000,0 days 00:00:29.790000,0 days 00:00:38.090000,0 days 00:00:25.080000,MEDIUM,5.0,True,3.0,1,True
VER,47.0,0 days 00:01:31.712000,0 days 00:00:29.171000,0 days 00:00:37.499000,0 days 00:00:25.042000,MEDIUM,6.0,True,3.0,1,True
VER,48.0,0 days 00:01:30.776000,0 days 00:00:29.164000,0 days 00:00:36.938000,0 days 00:00:24.674000,MEDIUM,7.0,True,3.0,1,True
VER,49.0,0 days 00:01:30.179000,0 days 00:00:28.994000,0 days 00:00:36.792000,0 days 00:00:24.393000,MEDIUM,8.0,True,3.0,1,True
VER,50.0,0 days 00:01:30.290000,0 days 00:00:28.940000,0 days 00:00:36.728000,0 days 00:00:24.622000,MEDIUM,9.0,True,3.0,1,True
VER,51.0,0 days 00:01:30.973000,0 days 00:00:29.374000,0 days 00:00:36.969000,0 days 00:00:24.630000,MEDIUM,10.0,True,3.0,1,True
VER,52.0,0 days 00:01:31.389000,0 days 00:00:29.137000,0 days 00:00:37.206000,0 days 00:00:25.046000,MEDIUM,11.0,True,3.0,1,True
GAS,8.0,0 days 00:01:46.083000,0 days 00:00:32.684000,0 days 00:00:43.237000,0 days 00:00:30.162000,INTERMEDIATE,8.0,True,1.0,1,True
GAS,9.0,0 days 00:01:47.962000,0 days 00:00:33.078000,0 days 00:00:44.273000,0 days 00:00:30.611000,INTERMEDIATE,9.0,True,1.0,1,True
GAS,10.0,0 days 00:01:48.953000,0 days 00:00:33.314000,0 days 00:00:45.153000,0 days 00:00:30.486000,INTERMEDIATE,10.0,True,1.0,1,True
GAS,22.0,0 days 00:01:49.883000,0 days 00:00:35.333000,0 days 00:00:45.640000,0 days 00:00:28.910000,INTERMEDIATE,11.0,True,2.0,12,True
GAS,23.0,0 days 00:01:45.583000,0 days 00:00:33.284000,0 days 00:00:43.810000,0 days 00:00:28.489000,INTERMEDIATE,12.0,True,2.0,1,True
GAS,24.0,0 days 00:01:44.631000,0 days 00:00:32.684000,0 days 00:00:43.191000,0 days 00:00:28.756000,INTERMEDIATE,13.0,True,2.0,1,True
GAS,25.0,0 days 00:01:44.204000,0 days 00:00:32.597000,0 days 00:00:43.234000,0 days 00:00:28.373000,INTERMEDIATE,14.0,True,2.0,1,True
GAS,26.0,0 days 00:01:44.244000,0 days 00:00:32.554000,0 days 00:00:43.314000,0 days 00:00:28.376000,INTERMEDIATE,15.0,True,2.0,1,True
GAS,27.0,0 days 00:01:43.205000,0 days 00:00:32.301000,0 days 00:00:42.728000,0 days 00:00:28.176000,INTERMEDIATE,16.0,True,2.0,1,True
GAS,28.0,0 days 00:01:43.575000,0 days 00:00:32.286000,0 days 00:00:42.741000,0 days 00:00:28.548000,INTERMEDIATE,17.0,True,2.0,1,True
GAS,29.0,0 days 00:01:44.969000,0 days 00:00:32.435000,0 days 00:00:43.131000,0 days 00:00:29.403000,INTERMEDIATE,18.0,True,2.0,1,True
GAS,30.0,0 days 00:01:45.061000,0 days 00:00:33.004000,0 days 00:00:43.384000,0 days 00:00:28.673000,INTERMEDIATE,19.0,True,2.0,1,True
GAS,31.0,0 days 00:01:44.504000,0 days 00:00:32.532000,0 days 00:00:43.230000,0 days 00:00:28.742000,INTERMEDIATE,20.0,True,2.0,1,True
GAS,32.0,0 days 00:01:44.368000,0 days 00:00:32.737000,0 days 00:00:43.133000,0 days 00:00:28.498000,INTERMEDIATE,21.0,True,2.0,1,True
GAS,33.0,0 days 00:01:45.205000,0 days 00:00:32.758000,0 days 00:00:43.464000,0 days 00:00:28.983000,INTERMEDIATE,22.0,True,2.0,1,True
GAS,34.0,0 days 00:01:44.227000,0 days 00:00:32.636000,0 days 00:00:43.190000,0 days 00:00:28.401000,INTERMEDIATE,23.0,True,2.0,1,True
GAS,35.0,0 days 00:01:42.768000,0 days 00:00:32.404000,0 days 00:00:42.301000,0 days 00:00:28.063000,INTERMEDIATE,24.0,True,2.0,1,True
GAS,36.0,0 days 00:01:42.420000,0 days 00:00:32.278000,0 days 00:00:42.114000,0 days 00:00:28.028000,INTERMEDIATE,25.0,True,2.0,1,True
GAS,37.0,0 days 00:01:41.825000,0 days 00:00:32.184000,0 days 00:00:41.807000,0 days 00:00:27.834000,INTERMEDIATE,26.0,True,2.0,1,True
GAS,38.0,0 days 00:01:42.926000,0 days 00:00:32.458000,0 days 00:00:42.461000,0 days 00:00:28.007000,INTERMEDIATE,27.0,True,2.0,1,True
GAS,39.0,0 days 00:01:41.869000,0 days 00:00:32.366000,0 days 00:00:41.928000,0 days 00:00:27.575000,INTERMEDIATE,28.0,True,2.0,12,True
GAS,40.0,0 days 00:01:42.307000,0 days 00:00:32.307000,0 days 00:00:42.216000,0 days 00:00:27.784000,INTERMEDIATE,29.0,True,2.0,21,True
GAS,43.0,0 days 00:01:38.760000,0 days 00:00:31.632000,0 days 00:00:41.012000,0 days 00:00:26.116000,MEDIUM,2.0,True,3.0,12,True
GAS,44.0,0 days 00:01:35.699000,0 days 00:00:30.857000,0 days 00:00:39.405000,0 days 00:00:25.437000,MEDIUM,3.0,True,3.0,21,True
GAS,45.0,0 days 00:01:33.758000,0 days 00:00:30.363000,0 days 00:00:38.518000,0 days 00:00:24.877000,MEDIUM,4.0,True,3.0,1,True
GAS,46.0,0 days 00:01:32.701000,0 days 00:00:29.897000,0 days 00:00:37.893000,0 days 00:00:24.911000,MEDIUM,5.0,True,3.0,1,True
GAS,47.0,0 days 00:01:31.824000,0 days 00:00:29.601000,0 days 00:00:37.348000,0 days 00:00:24.875000,MEDIUM,6.0,True,3.0,1,True
GAS,48.0,0 days 00:01:30.751000,0 days 00:00:29.327000,0 days 00:00:36.778000,0 days 00:00:24.646000,MEDIUM,7.0,True,3.0,1,True
GAS,49.0,0 days 00:01:30.759000,0 days 00:00:29.209000,0 days 00:00:36.861000,0 days 00:00:24.689000,MEDIUM,8.0,True,3.0,1,True
GAS,50.0,0 days 00:01:31.002000,0 days 00:00:29.406000,0 days 00:00:36.976000,0 days 00:00:24.620000,MEDIUM,9.0,True,3.0,1,True
GAS,51.0,0 days 00:01:31.465000,0 days 00:00:29.447000,0 days 00:00:37.356000,0 days 00:00:24.662000,MEDIUM,10.0,True,3.0,1,True
GAS,52.0,0 days 00:01:31.884000,0 days 00:00:29.149000,0 days 00:00:37.885000,0 days 00:00:24.850000,MEDIUM,11.0,True,3.0,1,True
ANT,8.0,0 days 00:01:45.576000,0 days 00:00:33.574000,0 days 00:00:39.634000,0 days 00:00:32.368000,HARD,6.0,True,2.0,1,True
ANT,11.0,0 days 00:01:48.439000,0 days 00:00:33.719000,0 days 00:00:44.749000,0 days 00:00:29.971000,INTERMEDIATE,2.0,True,3.0,1,True
ANT,12.0,0 days 00:01:47.009000,0 days 00:00:33.207000,0 days 00:00:44.121000,0 days 00:00:29.681000,INTERMEDIATE,3.0,True,3.0,1,True
ANT,22.0,0 days 00:01:55.501000,0 days 00:00:36.270000,0 days 00:00:48.886000,0 days 00:00:30.345000,INTERMEDIATE,2.0,True,4.0,12,True
ALO,8.0,0 days 00:01:46.420000,0 days 00:00:32.453000,0 days 00:00:43.657000,0 days 00:00:30.310000,INTERMEDIATE,8.0,True,1.0,1,True
ALO,9.0,0 days 00:01:47.569000,0 days 00:00:32.757000,0 days 00:00:44.149000,0 days 00:00:30.663000,INTERMEDIATE,9.0,True,1.0,1,True
ALO,10.0,0 days 00:01:48.951000,0 days 00:00:33.111000,0 days 00:00:45.151000,0 days 00:00:30.689000,INTERMEDIATE,10.0,True,1.0,1,True
ALO,22.0,0 days 00:01:50.388000,0 days 00:00:35.567000,0 days 00:00:45.750000,0 days 00:00:29.071000,INTERMEDIATE,11.0,True,2.0,12,True
ALO,23.0,0 days 00:01:46.209000,0 days 00:00:33.313000,0 days 00:00:44.092000,0 days 00:00:28.804000,INTERMEDIATE,12.0,True,2.0,1,True
ALO,24.0,0 days 00:01:44.879000,0 days 00:00:32.587000,0 days 00:00:43.913000,0 days 00:00:28.379000,INTERMEDIATE,13.0,True,2.0,1,True
ALO,25.0,0 days 00:01:44.158000,0 days 00:00:32.273000,0 days 00:00:43.318000,0 days 00:00:28.567000,INTERMEDIATE,14.0,True,2.0,1,True
ALO,26.0,0 days 00:01:43.977000,0 days 00:00:32.391000,0 days 00:00:43.039000,0 days 00:00:28.547000,INTERMEDIATE,15.0,True,2.0,1,True
ALO,27.0,0 days 00:01:43.527000,0 days 00:00:32.256000,0 days 00:00:43.013000,0 days 00:00:28.258000,INTERMEDIATE,16.0,True,2.0,1,True
ALO,28.0,0 days 00:01:43.779000,0 days 00:00:32.306000,0 days 00:00:42.843000,0 days 00:00:28.630000,INTERMEDIATE,17.0,True,2.0,1,True
ALO,29.0,0 days 00:01:43.763000,0 days 00:00:32.545000,0 days 00:00:42.793000,0 days 00:00:28.425000,INTERMEDIATE,18.0,True,2.0,1,True
ALO,30.0,0 days 00:01:44.281000,0 days 00:00:32.517000,0 days 00:00:43.086000,0 days 00:00:28.678000,INTERMEDIATE,19.0,True,2.0,1,True
ALO,31.0,0 days 00:01:44.625000,0 days 00:00:32.604000,0 days 00:00:43.226000,0 days 00:00:28.795000,INTERMEDIATE,20.0,True,2.0,1,True
ALO,32.0,0 days 00:01:44.587000,0 days 00:00:32.507000,0 days 00:00:43.420000,0 days 00:00:28.660000,INTERMEDIATE,21.0,True,2.0,1,True
ALO,33.0,0 days 00:01:44.331000,0 days 00:00:32.420000,0 days 00:00:43.258000,0 days 00:00:28.653000,INTERMEDIATE,22.0,True,2.0,1,True
ALO,34.0,0 days 00:01:44.712000,0 days 00:00:32.634000,0 days 00:00:43.607000,0 days 00:00:28.471000,INTERMEDIATE,23.0,True,2.0,1,True
ALO,35.0,0 days 00:01:43.238000,0 days 00:00:32.243000,0 days 00:00:42.791000,0 days 00:00:28.204000,INTERMEDIATE,24.0,True,2.0,1,True
ALO,36.0,0 days 00:01:42.516000,0 days 00:00:31.861000,0 days 00:00:42.626000,0 days 00:00:28.029000,INTERMEDIATE,25.0,True,2.0,1,True
ALO,39.0,0 days 00:01:47.666000,0 days 00:00:34.120000,0 days 00:00:45.345000,0 days 00:00:28.201000,MEDIUM,3.0,False,3.0,12,True
ALO,40.0,0 days 00:01:42.659000,0 days 00:00:33.110000,0 days 00:00:42.384000,0 days 00:00:27.165000,MEDIUM,4.0,False,3.0,1,True
ALO,41.0,0 days 00:01:40.670000,0 days 00:00:32.157000,0 days 00:00:42.145000,0 days 00:00:26.368000,MEDIUM,5.0,False,3.0,1,True
ALO,42.0,0 days 00:01:39.415000,0 days 00:00:31.305000,0 days 00:00:41.001000,0 days 00:00:27.109000,MEDIUM,6.0,False,3.0,12,True
ALO,43.0,0 days 00:01:37.153000,0 days 00:00:30.684000,0 days 00:00:40.824000,0 days 00:00:25.645000,MEDIUM,7.0,False,3.0,12,True
ALO,44.0,0 days 00:01:33.635000,0 days 00:00:30.306000,0 days 00:00:38.540000,0 days 00:00:24.789000,MEDIUM,8.0,False,3.0,1,True
ALO,45.0,0 days 00:01:33.119000,0 days 00:00:29.936000,0 days 00:00:38.141000,0 days 00:00:25.042000,MEDIUM,9.0,False,3.0,1,True
ALO,46.0,0 days 00:01:32.400000,0 days 00:00:29.843000,0 days 00:00:37.713000,0 days 00:00:24.844000,MEDIUM,10.0,False,3.0,1,True
ALO,47.0,0 days 00:01:31.386000,0 days 00:00:29.259000,0 days 00:00:37.367000,0 days 00:00:24.760000,MEDIUM,11.0,False,3.0,1,True
ALO,48.0,0 days 00:01:30.669000,0 days 00:00:29.114000,0 days 00:00:36.968000,0 days 00:00:24.587000,MEDIUM,12.0,False,3.0,1,True
ALO,49.0,0 days 00:01:30.353000,0 days 00:00:29.047000,0 days 00:00:36.638000,0 days 00:00:24.668000,MEDIUM,13.0,False,3.0,1,True
ALO,50.0,0 days 00:01:30.943000,0 days 00:00:29.173000,0 days 00:00:37.039000,0 days 00:00:24.731000,MEDIUM,14.0,False,3.0,1,True
ALO,51.0,0 days 00:01:30.578000,0 days 00:00:29.142000,0 days 00:00:36.740000,0 days 00:00:24.696000,MEDIUM,15.0,False,3.0,1,True
ALO,52.0,0 days 00:01:32.745000,0 days 00:00:29.310000,0 days 00:00:38.607000,0 days 00:00:24.828000,MEDIUM,16.0,False,3.0,1,True
LEC,4.0,0 days 00:01:52.993000,0 days 00:00:37.560000,0 days 00:00:42.616000,0 days 00:00:32.817000,MEDIUM,4.0,True,1.0,12,True
LEC,8.0,0 days 00:01:44.730000,0 days 00:00:32.950000,0 days 00:00:39.590000,0 days 00:00:32.190000,MEDIUM,8.0,True,1.0,1,True
LEC,9.0,0 days 00:01:40.941000,0 days 00:00:32.265000,0 days 00:00:39.013000,0 days 00:00:29.663000,MEDIUM,9.0,True,1.0,1,True
LEC,12.0,0 days 00:01:48.142000,0 days 00:00:33.873000,0 days 00:00:44.628000,0 days 00:00:29.641000,INTERMEDIATE,2.0,True,2.0,1,True
LEC,22.0,0 days 00:01:51.791000,0 days 00:00:35.869000,0 days 00:00:46.226000,0 days 00:00:29.696000,INTERMEDIATE,12.0,True,2.0,12,True
LEC,23.0,0 days 00:01:46.291000,0 days 00:00:33.438000,0 days 00:00:43.916000,0 days 00:00:28.937000,INTERMEDIATE,13.0,True,2.0,1,True
LEC,24.0,0 days 00:01:44.821000,0 days 00:00:33.081000,0 days 00:00:43.247000,0 days 00:00:28.493000,INTERMEDIATE,14.0,True,2.0,1,True
LEC,25.0,0 days 00:01:44.251000,0 days 00:00:32.937000,0 days 00:00:42.836000,0 days 00:00:28.478000,INTERMEDIATE,15.0,True,2.0,1,True
LEC,26.0,0 days 00:01:44.130000,0 days 00:00:32.852000,0 days 00:00:43.059000,0 days 00:00:28.219000,INTERMEDIATE,16.0,True,2.0,1,True
LEC,27.0,0 days 00:01:43.878000,0 days 00:00:32.653000,0 days 00:00:42.684000,0 days 00:00:28.541000,INTERMEDIATE,17.0,True,2.0,1,True
LEC,28.0,0 days 00:01:44.728000,0 days 00:00:32.902000,0 days 00:00:42.901000,0 days 00:00:28.925000,INTERMEDIATE,18.0,True,2.0,1,True
LEC,29.0,0 days 00:01:44.472000,0 days 00:00:32.468000,0 days 00:00:43.197000,0 days 00:00:28.807000,INTERMEDIATE,19.0,True,2.0,1,True
LEC,30.0,0 days 00:01:44.511000,0 days 00:00:32.605000,0 days 00:00:43.199000,0 days 00:00:28.707000,INTERMEDIATE,20.0,True,2.0,1,True
LEC,31.0,0 days 00:01:44.832000,0 days 00:00:32.632000,0 days 00:00:43.447000,0 days 00:00:28.753000,INTERMEDIATE,21.0,True,2.0,1,True
LEC,32.0,0 days 00:01:45.187000,0 days 00:00:32.654000,0 days 00:00:44.060000,0 days 00:00:28.473000,INTERMEDIATE,22.0,True,2.0,1,True
LEC,33.0,0 days 00:01:44.096000,0 days 00:00:32.469000,0 days 00:00:43.213000,0 days 00:00:28.414000,INTERMEDIATE,23.0,True,2.0,1,True
LEC,34.0,0 days 00:01:44.024000,0 days 00:00:32.289000,0 days 00:00:43.087000,0 days 00:00:28.648000,INTERMEDIATE,24.0,True,2.0,1,True
LEC,35.0,0 days 00:01:43.415000,0 days 00:00:32.389000,0 days 00:00:42.702000,0 days 00:00:28.324000,INTERMEDIATE,25.0,True,2.0,1,True
LEC,36.0,0 days 00:01:42.957000,0 days 00:00:31.923000,0 days 00:00:42.583000,0 days 00:00:28.451000,INTERMEDIATE,26.0,True,2.0,1,True
LEC,37.0,0 days 00:01:42.994000,0 days 00:00:31.982000,0 days 00:00:42.887000,0 days 00:00:28.125000,INTERMEDIATE,27.0,True,2.0,1,True
LEC,38.0,0 days 00:01:42.457000,0 days 00:00:32.063000,0 days 00:00:42.583000,0 days 00:00:27.811000,INTERMEDIATE,28.0,True,2.0,1,True
LEC,39.0,0 days 00:01:41.051000,0 days 00:00:32.263000,0 days 00:00:41.562000,0 days 00:00:27.226000,INTERMEDIATE,29.0,True,2.0,12,True
LEC,40.0,0 days 00:01:39.633000,0 days 00:00:31.667000,0 days 00:00:41.057000,0 days 00:00:26.909000,INTERMEDIATE,30.0,True,2.0,1,True
LEC,41.0,0 days 00:01:39.616000,0 days 00:00:31.544000,0 days 00:00:40.989000,0 days 00:00:27.083000,INTERMEDIATE,31.0,True,2.0,1,True
LEC,44.0,0 days 00:01:39.076000,0 days 00:00:31.469000,0 days 00:00:40.994000,0 days 00:00:26.613000,SOFT,5.0,False,3.0,1,True
LEC,45.0,0 days 00:01:33.731000,0 days 00:00:30.610000,0 days 00:00:37.964000,0 days 00:00:25.157000,SOFT,6.0,False,3.0,1,True
LEC,46.0,0 days 00:01:31.961000,0 days 00:00:29.567000,0 days 00:00:37.446000,0 days 00:00:24.948000,SOFT,7.0,False,3.0,1,True
LEC,47.0,0 days 00:01:31.557000,0 days 00:00:29.433000,0 days 00:00:37.366000,0 days 00:00:24.758000,SOFT,8.0,False,3.0,1,True
LEC,48.0,0 days 00:01:31.274000,0 days 00:00:29.254000,0 days 00:00:37.364000,0 days 00:00:24.656000,SOFT,9.0,False,3.0,1,True
LEC,49.0,0 days 00:01:31.170000,0 days 00:00:29.197000,0 days 00:00:37.126000,0 days 00:00:24.847000,SOFT,10.0,False,3.0,1,True
LEC,50.0,0 days 00:01:30.819000,0 days 00:00:29.096000,0 days 00:00:37.067000,0 days 00:00:24.656000,SOFT,11.0,False,3.0,1,True
LEC,51.0,0 days 00:01:31.240000,0 days 00:00:29.156000,0 days 00:00:37.255000,0 days 00:00:24.829000,SOFT,12.0,False,3.0,1,True
LEC,52.0,0 days 00:01:31.629000,0 days 00:00:29.156000,0 days 00:00:37.229000,0 days 00:00:25.244000,SOFT,13.0,False,3.0,1,True
STR,8.0,0 days 00:01:43.353000,0 days 00:00:32.507000,0 days 00:00:39.439000,0 days 00:00:31.407000,SOFT,2.0,True,2.0,1,True
STR,9.0,0 days 00:01:44.912000,0 days 00:00:32.024000,0 days 00:00:41.072000,0 days 00:00:31.816000,SOFT,3.0,True,2.0,1,True
STR,12.0,0 days 00:01:47.154000,0 days 00:00:33.005000,0 days 00:00:45.064000,0 days 00:00:29.085000,INTERMEDIATE,2.0,True,3.0,1,True
STR,22.0,0 days 00:01:48.945000,0 days 00:00:35.206000,0 days 00:00:45.010000,0 days 00:00:28.729000,INTERMEDIATE,12.0,True,3.0,12,True
STR,23.0,0 days 00:01:44.958000,0 days 00:00:33.210000,0 days 00:00:43.659000,0 days 00:00:28.089000,INTERMEDIATE,13.0,True,3.0,1,True
STR,24.0,0 days 00:01:43.673000,0 days 00:00:32.676000,0 days 00:00:42.831000,0 days 00:00:28.166000,INTERMEDIATE,14.0,True,3.0,1,True
STR,25.0,0 days 00:01:43.667000,0 days 00:00:32.622000,0 days 00:00:42.962000,0 days 00:00:28.083000,INTERMEDIATE,15.0,True,3.0,1,True
STR,26.0,0 days 00:01:43.525000,0 days 00:00:32.267000,0 days 00:00:43.134000,0 days 00:00:28.124000,INTERMEDIATE,16.0,True,3.0,1,True
STR,27.0,0 days 00:01:43.329000,0 days 00:00:32.481000,0 days 00:00:42.814000,0 days 00:00:28.034000,INTERMEDIATE,17.0,True,3.0,1,True
STR,28.0,0 days 00:01:43.656000,0 days 00:00:32.500000,0 days 00:00:42.979000,0 days 00:00:28.177000,INTERMEDIATE,18.0,True,3.0,1,True
STR,29.0,0 days 00:01:43.467000,0 days 00:00:32.490000,0 days 00:00:42.786000,0 days 00:00:28.191000,INTERMEDIATE,19.0,True,3.0,1,True
STR,30.0,0 days 00:01:44.094000,0 days 00:00:32.575000,0 days 00:00:43.008000,0 days 00:00:28.511000,INTERMEDIATE,20.0,True,3.0,1,True
STR,31.0,0 days 00:01:44.096000,0 days 00:00:32.686000,0 days 00:00:42.968000,0 days 00:00:28.442000,INTERMEDIATE,21.0,True,3.0,1,True
STR,32.0,0 days 00:01:44.277000,0 days 00:00:32.418000,0 days 00:00:43.271000,0 days 00:00:28.588000,INTERMEDIATE,22.0,True,3.0,1,True
STR,33.0,0 days 00:01:43.803000,0 days 00:00:32.507000,0 days 00:00:42.953000,0 days 00:00:28.343000,INTERMEDIATE,23.0,True,3.0,1,True
STR,34.0,0 days 00:01:44.881000,0 days 00:00:32.617000,0 days 00:00:43.077000,0 days 00:00:29.187000,INTERMEDIATE,24.0,True,3.0,1,True
STR,35.0,0 days 00:01:45.225000,0 days 00:00:33.312000,0 days 00:00:43.641000,0 days 00:00:28.272000,INTERMEDIATE,25.0,True,3.0,1,True
STR,36.0,0 days 00:01:43.139000,0 days 00:00:32.367000,0 days 00:00:42.784000,0 days 00:00:27.988000,INTERMEDIATE,26.0,True,3.0,1,True
STR,37.0,0 days 00:01:42.740000,0 days 00:00:32.246000,0 days 00:00:42.524000,0 days 00:00:27.970000,INTERMEDIATE,27.0,True,3.0,1,True
STR,38.0,0 days 00:01:42.379000,0 days 00:00:32.257000,0 days 00:00:42.320000,0 days 00:00:27.802000,INTERMEDIATE,28.0,True,3.0,1,True
STR,39.0,0 days 00:01:41.939000,0 days 00:00:32.086000,0 days 00:00:42.143000,0 days 00:00:27.710000,INTERMEDIATE,29.0,True,3.0,12,True
STR,40.0,0 days 00:01:42.308000,0 days 00:00:32.266000,0 days 00:00:42.292000,0 days 00:00:27.750000,INTERMEDIATE,30.0,True,3.0,21,True
STR,43.0,0 days 00:01:36.611000,0 days 00:00:31.246000,0 days 00:00:39.752000,0 days 00:00:25.613000,SOFT,2.0,True,4.0,12,True
STR,44.0,0 days 00:01:37.279000,0 days 00:00:30.385000,0 days 00:00:40.704000,0 days 00:00:26.190000,SOFT,3.0,True,4.0,12,True
STR,45.0,0 days 00:01:34.035000,0 days 00:00:29.994000,0 days 00:00:38.537000,0 days 00:00:25.504000,SOFT,4.0,True,4.0,1,True
STR,46.0,0 days 00:01:33.059000,0 days 00:00:29.665000,0 days 00:00:37.888000,0 days 00:00:25.506000,SOFT,5.0,True,4.0,1,True
STR,47.0,0 days 00:01:32.273000,0 days 00:00:29.462000,0 days 00:00:37.721000,0 days 00:00:25.090000,SOFT,6.0,True,4.0,1,True
STR,48.0,0 days 00:01:32.132000,0 days 00:00:29.454000,0 days 00:00:37.717000,0 days 00:00:24.961000,SOFT,7.0,True,4.0,1,True
STR,49.0,0 days 00:01:33.170000,0 days 00:00:29.103000,0 days 00:00:39.179000,0 days 00:00:24.888000,SOFT,8.0,True,4.0,1,True
STR,50.0,0 days 00:01:32.088000,0 days 00:00:29.678000,0 days 00:00:37.556000,0 days 00:00:24.854000,SOFT,9.0,True,4.0,1,True
STR,51.0,0 days 00:01:33.653000,0 days 00:00:30.534000,0 days 00:00:38.198000,0 days 00:00:24.921000,SOFT,10.0,True,4.0,1,True
STR,52.0,0 days 00:01:33.247000,0 days 00:00:29.460000,0 days 00:00:37.905000,0 days 00:00:25.882000,SOFT,11.0,True,4.0,1,True
TSU,8.0,0 days 00:01:46.957000,0 days 00:00:32.643000,0 days 00:00:44.022000,0 days 00:00:30.292000,INTERMEDIATE,8.0,True,1.0,1,True
TSU,9.0,0 days 00:01:49,0 days 00:00:33.264000,0 days 00:00:44.752000,0 days 00:00:30.984000,INTERMEDIATE,9.0,True,1.0,1,True
TSU,10.0,0 days 00:01:50.083000,0 days 00:00:33.442000,0 days 00:00:45.635000,0 days 00:00:31.006000,INTERMEDIATE,10.0,True,1.0,1,True
TSU,22.0,0 days 00:01:54.618000,0 days 00:00:36.419000,0 days 00:00:48.110000,0 days 00:00:30.089000,INTERMEDIATE,11.0,True,2.0,12,True
TSU,23.0,0 days 00:01:47.784000,0 days 00:00:33.964000,0 days 00:00:44.983000,0 days 00:00:28.837000,INTERMEDIATE,12.0,True,2.0,1,True
TSU,24.0,0 days 00:01:45.467000,0 days 00:00:32.739000,0 days 00:00:43.716000,0 days 00:00:29.012000,INTERMEDIATE,13.0,True,2.0,1,True
TSU,25.0,0 days 00:01:44.662000,0 days 00:00:32.708000,0 days 00:00:43.416000,0 days 00:00:28.538000,INTERMEDIATE,14.0,True,2.0,1,True
TSU,26.0,0 days 00:01:46.003000,0 days 00:00:33.060000,0 days 00:00:44.474000,0 days 00:00:28.469000,INTERMEDIATE,15.0,True,2.0,1,True
TSU,27.0,0 days 00:01:44.288000,0 days 00:00:32.719000,0 days 00:00:43.226000,0 days 00:00:28.343000,INTERMEDIATE,16.0,True,2.0,1,True
TSU,28.0,0 days 00:01:45.522000,0 days 00:00:32.676000,0 days 00:00:43.988000,0 days 00:00:28.858000,INTERMEDIATE,17.0,True,2.0,1,True
TSU,29.0,0 days 00:01:44.551000,0 days 00:00:32.757000,0 days 00:00:43.367000,0 days 00:00:28.427000,INTERMEDIATE,18.0,True,2.0,1,True
TSU,30.0,0 days 00:01:44.388000,0 days 00:00:32.609000,0 days 00:00:43.298000,0 days 00:00:28.481000,INTERMEDIATE,19.0,True,2.0,1,True
TSU,31.0,0 days 00:01:44.794000,0 days 00:00:32.721000,0 days 00:00:43.593000,0 days 00:00:28.480000,INTERMEDIATE,20.0,True,2.0,1,True
TSU,32.0,0 days 00:01:44.939000,0 days 00:00:32.944000,0 days 00:00:43.635000,0 days 00:00:28.360000,INTERMEDIATE,21.0,True,2.0,1,True
TSU,33.0,0 days 00:01:45.663000,0 days 00:00:32.944000,0 days 00:00:43.942000,0 days 00:00:28.777000,INTERMEDIATE,22.0,True,2.0,1,True
TSU,34.0,0 days 00:01:45.520000,0 days 00:00:33.002000,0 days 00:00:43.658000,0 days 00:00:28.860000,INTERMEDIATE,23.0,True,2.0,1,True
TSU,35.0,0 days 00:01:45.239000,0 days 00:00:32.838000,0 days 00:00:43.635000,0 days 00:00:28.766000,INTERMEDIATE,24.0,True,2.0,1,True
TSU,36.0,0 days 00:01:44.526000,0 days 00:00:32.837000,0 days 00:00:43.118000,0 days 00:00:28.571000,INTERMEDIATE,25.0,True,2.0,1,True
TSU,37.0,0 days 00:01:44.616000,0 days 00:00:32.927000,0 days 00:00:43.159000,0 days 00:00:28.530000,INTERMEDIATE,26.0,True,2.0,1,True
TSU,38.0,0 days 00:01:44.811000,0 days 00:00:33.066000,0 days 00:00:43.512000,0 days 00:00:28.233000,INTERMEDIATE,27.0,True,2.0,1,True
TSU,39.0,0 days 00:01:44.802000,0 days 00:00:32.644000,0 days 00:00:43.744000,0 days 00:00:28.414000,INTERMEDIATE,28.0,True,2.0,12,True
TSU,40.0,0 days 00:01:44.432000,0 days 00:00:32.755000,0 days 00:00:43.168000,0 days 00:00:28.509000,INTERMEDIATE,29.0,True,2.0,1,True
TSU,43.0,0 days 00:01:41.640000,0 days 00:00:32.084000,0 days 00:00:42.284000,0 days 00:00:27.272000,MEDIUM,2.0,True,3.0,21,True
TSU,44.0,0 days 00:01:38.597000,0 days 00:00:30.716000,0 days 00:00:41.655000,0 days 00:00:26.226000,MEDIUM,3.0,True,3.0,1,True
TSU,45.0,0 days 00:01:35.637000,0 days 00:00:29.941000,0 days 00:00:39.910000,0 days 00:00:25.786000,MEDIUM,4.0,True,3.0,1,True
TSU,46.0,0 days 00:01:34.490000,0 days 00:00:29.724000,0 days 00:00:39.201000,0 days 00:00:25.565000,MEDIUM,5.0,True,3.0,1,True
TSU,47.0,0 days 00:01:32.976000,0 days 00:00:29.235000,0 days 00:00:38.466000,0 days 00:00:25.275000,MEDIUM,6.0,True,3.0,1,True
TSU,48.0,0 days 00:01:31.665000,0 days 00:00:28.964000,0 days 00:00:37.779000,0 days 00:00:24.922000,MEDIUM,7.0,True,3.0,1,True
TSU,49.0,0 days 00:01:30.873000,0 days 00:00:28.841000,0 days 00:00:37.311000,0 days 00:00:24.721000,MEDIUM,8.0,True,3.0,1,True
TSU,50.0,0 days 00:01:31.649000,0 days 00:00:29.075000,0 days 00:00:37.605000,0 days 00:00:24.969000,MEDIUM,9.0,True,3.0,1,True
TSU,51.0,0 days 00:01:31.565000,0 days 00:00:29.104000,0 days 00:00:37.398000,0 days 00:00:25.063000,MEDIUM,10.0,True,3.0,1,True
ALB,8.0,0 days 00:01:46.496000,0 days 00:00:32.551000,0 days 00:00:43.511000,0 days 00:00:30.434000,INTERMEDIATE,8.0,True,1.0,1,True
ALB,9.0,0 days 00:01:48.888000,0 days 00:00:33.399000,0 days 00:00:44.888000,0 days 00:00:30.601000,INTERMEDIATE,9.0,True,1.0,1,True
ALB,10.0,0 days 00:01:49.218000,0 days 00:00:33.367000,0 days 00:00:45.322000,0 days 00:00:30.529000,INTERMEDIATE,10.0,True,1.0,1,True
ALB,11.0,0 days 00:01:51.991000,0 days 00:00:33.505000,0 days 00:00:47.734000,0 days 00:00:30.752000,INTERMEDIATE,11.0,True,1.0,1,True
ALB,22.0,0 days 00:01:51.437000,0 days 00:00:35.598000,0 days 00:00:46.426000,0 days 00:00:29.413000,INTERMEDIATE,10.0,True,2.0,12,True
ALB,23.0,0 days 00:01:46.294000,0 days 00:00:33.421000,0 days 00:00:44.013000,0 days 00:00:28.860000,INTERMEDIATE,11.0,True,2.0,1,True
ALB,24.0,0 days 00:01:44.946000,0 days 00:00:32.786000,0 days 00:00:43.512000,0 days 00:00:28.648000,INTERMEDIATE,12.0,True,2.0,1,True
ALB,25.0,0 days 00:01:44.010000,0 days 00:00:32.533000,0 days 00:00:43.110000,0 days 00:00:28.367000,INTERMEDIATE,13.0,True,2.0,1,True
ALB,26.0,0 days 00:01:44.357000,0 days 00:00:32.748000,0 days 00:00:43.096000,0 days 00:00:28.513000,INTERMEDIATE,14.0,True,2.0,1,True
ALB,27.0,0 days 00:01:44.082000,0 days 00:00:32.502000,0 days 00:00:43.084000,0 days 00:00:28.496000,INTERMEDIATE,15.0,True,2.0,1,True
ALB,28.0,0 days 00:01:44.367000,0 days 00:00:32.586000,0 days 00:00:43.132000,0 days 00:00:28.649000,INTERMEDIATE,16.0,True,2.0,1,True
ALB,29.0,0 days 00:01:44.591000,0 days 00:00:32.552000,0 days 00:00:43.239000,0 days 00:00:28.800000,INTERMEDIATE,17.0,True,2.0,1,True
ALB,30.0,0 days 00:01:44.618000,0 days 00:00:32.677000,0 days 00:00:43.093000,0 days 00:00:28.848000,INTERMEDIATE,18.0,True,2.0,1,True
ALB,31.0,0 days 00:01:44.761000,0 days 00:00:32.500000,0 days 00:00:43.452000,0 days 00:00:28.809000,INTERMEDIATE,19.0,True,2.0,1,True
ALB,32.0,0 days 00:01:45.126000,0 days 00:00:32.672000,0 days 00:00:43.841000,0 days 00:00:28.613000,INTERMEDIATE,20.0,True,2.0,1,True
ALB,33.0,0 days 00:01:44.063000,0 days 00:00:32.491000,0 days 00:00:43.087000,0 days 00:00:28.485000,INTERMEDIATE,21.0,True,2.0,1,True
ALB,34.0,0 days 00:01:44.290000,0 days 00:00:32.282000,0 days 00:00:43.220000,0 days 00:00:28.788000,INTERMEDIATE,22.0,True,2.0,1,True
ALB,35.0,0 days 00:01:45.664000,0 days 00:00:33.615000,0 days 00:00:43.410000,0 days 00:00:28.639000,INTERMEDIATE,23.0,True,2.0,1,True
ALB,36.0,0 days 00:01:42.965000,0 days 00:00:32.306000,0 days 00:00:42.473000,0 days 00:00:28.186000,INTERMEDIATE,24.0,True,2.0,1,True
ALB,37.0,0 days 00:01:42.684000,0 days 00:00:32.181000,0 days 00:00:42.431000,0 days 00:00:28.072000,INTERMEDIATE,25.0,True,2.0,1,True
ALB,38.0,0 days 00:01:42.667000,0 days 00:00:32.366000,0 days 00:00:42.202000,0 days 00:00:28.099000,INTERMEDIATE,26.0,True,2.0,1,True
ALB,39.0,0 days 00:01:42.701000,0 days 00:00:32.282000,0 days 00:00:42.547000,0 days 00:00:27.872000,INTERMEDIATE,27.0,True,2.0,12,True
ALB,40.0,0 days 00:01:42.225000,0 days 00:00:32.095000,0 days 00:00:42.273000,0 days 00:00:27.857000,INTERMEDIATE,28.0,True,2.0,1,True
ALB,41.0,0 days 00:01:41.500000,0 days 00:00:31.955000,0 days 00:00:42.108000,0 days 00:00:27.437000,INTERMEDIATE,29.0,True,2.0,1,True
ALB,44.0,0 days 00:01:35.273000,0 days 00:00:30.574000,0 days 00:00:38.965000,0 days 00:00:25.734000,MEDIUM,2.0,True,3.0,1,True
ALB,45.0,0 days 00:01:34.663000,0 days 00:00:30.107000,0 days 00:00:39.529000,0 days 00:00:25.027000,MEDIUM,3.0,True,3.0,1,True
ALB,46.0,0 days 00:01:32.681000,0 days 00:00:29.639000,0 days 00:00:38.122000,0 days 00:00:24.920000,MEDIUM,4.0,True,3.0,1,True
ALB,47.0,0 days 00:01:31.309000,0 days 00:00:28.994000,0 days 00:00:37.597000,0 days 00:00:24.718000,MEDIUM,5.0,True,3.0,1,True
ALB,48.0,0 days 00:01:30.327000,0 days 00:00:28.742000,0 days 00:00:37.037000,0 days 00:00:24.548000,MEDIUM,6.0,True,3.0,1,True
ALB,49.0,0 days 00:01:30.148000,0 days 00:00:28.932000,0 days 00:00:36.707000,0 days 00:00:24.509000,MEDIUM,7.0,True,3.0,1,True
ALB,50.0,0 days 00:01:30.047000,0 days 00:00:28.779000,0 days 00:00:36.685000,0 days 00:00:24.583000,MEDIUM,8.0,True,3.0,1,True
ALB,51.0,0 days 00:01:30.120000,0 days 00:00:28.834000,0 days 00:00:36.986000,0 days 00:00:24.300000,MEDIUM,9.0,True,3.0,1,True
ALB,52.0,0 days 00:01:30.452000,0 days 00:00:28.891000,0 days 00:00:37.161000,0 days 00:00:24.400000,MEDIUM,10.0,True,3.0,1,True
HUL,8.0,0 days 00:01:46.517000,0 days 00:00:32.566000,0 days 00:00:43.773000,0 days 00:00:30.178000,INTERMEDIATE,8.0,True,1.0,1,True
HUL,11.0,0 days 00:01:45.789000,0 days 00:00:32.220000,0 days 00:00:44.209000,0 days 00:00:29.360000,INTERMEDIATE,2.0,True,2.0,1,True
HUL,12.0,0 days 00:01:47.347000,0 days 00:00:33.179000,0 days 00:00:44.867000,0 days 00:00:29.301000,INTERMEDIATE,3.0,True,2.0,1,True
HUL,22.0,0 days 00:01:49.150000,0 days 00:00:35.441000,0 days 00:00:44.803000,0 days 00:00:28.906000,INTERMEDIATE,13.0,True,2.0,12,True
HUL,23.0,0 days 00:01:45.226000,0 days 00:00:33.375000,0 days 00:00:43.472000,0 days 00:00:28.379000,INTERMEDIATE,14.0,True,2.0,1,True
HUL,24.0,0 days 00:01:43.475000,0 days 00:00:32.715000,0 days 00:00:42.676000,0 days 00:00:28.084000,INTERMEDIATE,15.0,True,2.0,1,True
HUL,25.0,0 days 00:01:43.716000,0 days 00:00:32.510000,0 days 00:00:43.008000,0 days 00:00:28.198000,INTERMEDIATE,16.0,True,2.0,1,True
HUL,26.0,0 days 00:01:43.905000,0 days 00:00:32.397000,0 days 00:00:43.138000,0 days 00:00:28.370000,INTERMEDIATE,17.0,True,2.0,1,True
HUL,27.0,0 days 00:01:43.748000,0 days 00:00:32.452000,0 days 00:00:42.664000,0 days 00:00:28.632000,INTERMEDIATE,18.0,True,2.0,1,True
HUL,28.0,0 days 00:01:43.414000,0 days 00:00:32.408000,0 days 00:00:42.858000,0 days 00:00:28.148000,INTERMEDIATE,19.0,True,2.0,1,True
HUL,29.0,0 days 00:01:43.643000,0 days 00:00:32.429000,0 days 00:00:42.691000,0 days 00:00:28.523000,INTERMEDIATE,20.0,True,2.0,1,True
HUL,30.0,0 days 00:01:43.379000,0 days 00:00:32.536000,0 days 00:00:42.515000,0 days 00:00:28.328000,INTERMEDIATE,21.0,True,2.0,1,True
HUL,31.0,0 days 00:01:43.832000,0 days 00:00:32.567000,0 days 00:00:42.853000,0 days 00:00:28.412000,INTERMEDIATE,22.0,True,2.0,1,True
HUL,32.0,0 days 00:01:43.946000,0 days 00:00:32.550000,0 days 00:00:42.788000,0 days 00:00:28.608000,INTERMEDIATE,23.0,True,2.0,1,True
HUL,33.0,0 days 00:01:43.882000,0 days 00:00:32.418000,0 days 00:00:42.974000,0 days 00:00:28.490000,INTERMEDIATE,24.0,True,2.0,1,True
HUL,34.0,0 days 00:01:43.089000,0 days 00:00:32.490000,0 days 00:00:42.965000,0 days 00:00:27.634000,INTERMEDIATE,25.0,True,2.0,1,True
HUL,35.0,0 days 00:01:41.463000,0 days 00:00:32.151000,0 days 00:00:41.559000,0 days 00:00:27.753000,INTERMEDIATE,26.0,True,2.0,1,True
HUL,36.0,0 days 00:01:41.519000,0 days 00:00:32.185000,0 days 00:00:41.764000,0 days 00:00:27.570000,INTERMEDIATE,27.0,True,2.0,1,True
HUL,37.0,0 days 00:01:41.009000,0 days 00:00:32.114000,0 days 00:00:41.539000,0 days 00:00:27.356000,INTERMEDIATE,28.0,True,2.0,1,True
HUL,38.0,0 days 00:01:41.023000,0 days 00:00:32.244000,0 days 00:00:41.527000,0 days 00:00:27.252000,INTERMEDIATE,29.0,True,2.0,1,True
HUL,39.0,0 days 00:01:40.101000,0 days 00:00:31.914000,0 days 00:00:41.087000,0 days 00:00:27.100000,INTERMEDIATE,30.0,True,2.0,1,True
HUL,40.0,0 days 00:01:40.096000,0 days 00:00:31.818000,0 days 00:00:41.032000,0 days 00:00:27.246000,INTERMEDIATE,31.0,True,2.0,12,True
HUL,41.0,0 days 00:01:40.716000,0 days 00:00:32.160000,0 days 00:00:41.235000,0 days 00:00:27.321000,INTERMEDIATE,32.0,True,2.0,1,True
HUL,44.0,0 days 00:01:35.665000,0 days 00:00:30.662000,0 days 00:00:39.629000,0 days 00:00:25.374000,MEDIUM,2.0,True,3.0,12,True
HUL,45.0,0 days 00:01:33.473000,0 days 00:00:30.127000,0 days 00:00:38.299000,0 days 00:00:25.047000,MEDIUM,3.0,True,3.0,1,True
HUL,46.0,0 days 00:01:32.695000,0 days 00:00:30.077000,0 days 00:00:37.781000,0 days 00:00:24.837000,MEDIUM,4.0,True,3.0,1,True
HUL,47.0,0 days 00:01:31.930000,0 days 00:00:29.703000,0 days 00:00:37.269000,0 days 00:00:24.958000,MEDIUM,5.0,True,3.0,1,True
HUL,48.0,0 days 00:01:31.468000,0 days 00:00:29.404000,0 days 00:00:37.274000,0 days 00:00:24.790000,MEDIUM,6.0,True,3.0,1,True
HUL,49.0,0 days 00:01:31.081000,0 days 00:00:29.280000,0 days 00:00:37.115000,0 days 00:00:24.686000,MEDIUM,7.0,True,3.0,1,True
HUL,50.0,0 days 00:01:30.983000,0 days 00:00:29.121000,0 days 00:00:37.170000,0 days 00:00:24.692000,MEDIUM,8.0,True,3.0,1,True
HUL,51.0,0 days 00:01:30.933000,0 days 00:00:29.470000,0 days 00:00:36.820000,0 days 00:00:24.643000,MEDIUM,9.0,True,3.0,1,True
HUL,52.0,0 days 00:01:31.705000,0 days 00:00:29.341000,0 days 00:00:37.271000,0 days 00:00:25.093000,MEDIUM,10.0,True,3.0,1,True
OCO,8.0,0 days 00:01:47.293000,0 days 00:00:32.632000,0 days 00:00:44.249000,0 days 00:00:30.412000,INTERMEDIATE,8.0,True,1.0,1,True
OCO,9.0,0 days 00:01:49.361000,0 days 00:00:33.553000,0 days 00:00:45.191000,0 days 00:00:30.617000,INTERMEDIATE,9.0,True,1.0,1,True
OCO,10.0,0 days 00:01:49.770000,0 days 00:00:33.766000,0 days 00:00:45.506000,0 days 00:00:30.498000,INTERMEDIATE,10.0,True,1.0,1,True
OCO,11.0,0 days 00:01:51.866000,0 days 00:00:34.081000,0 days 00:00:47.410000,0 days 00:00:30.375000,INTERMEDIATE,11.0,True,1.0,1,True
OCO,12.0,0 days 00:01:50.786000,0 days 00:00:33.980000,0 days 00:00:46.130000,0 days 00:00:30.676000,INTERMEDIATE,12.0,True,1.0,1,True
OCO,22.0,0 days 00:01:52.940000,0 days 00:00:36.308000,0 days 00:00:47.650000,0 days 00:00:28.982000,INTERMEDIATE,4.0,True,2.0,12,True
OCO,23.0,0 days 00:01:45.993000,0 days 00:00:33.343000,0 days 00:00:43.959000,0 days 00:00:28.691000,INTERMEDIATE,5.0,True,2.0,1,True
OCO,24.0,0 days 00:01:44.602000,0 days 00:00:32.970000,0 days 00:00:43.326000,0 days 00:00:28.306000,INTERMEDIATE,6.0,True,2.0,1,True
OCO,25.0,0 days 00:01:44.235000,0 days 00:00:32.716000,0 days 00:00:43.164000,0 days 00:00:28.355000,INTERMEDIATE,7.0,True,2.0,1,True
OCO,26.0,0 days 00:01:44.236000,0 days 00:00:32.675000,0 days 00:00:43.328000,0 days 00:00:28.233000,INTERMEDIATE,8.0,True,2.0,1,True
OCO,27.0,0 days 00:01:43.925000,0 days 00:00:32.425000,0 days 00:00:43.054000,0 days 00:00:28.446000,INTERMEDIATE,9.0,True,2.0,1,True
OCO,28.0,0 days 00:01:44.874000,0 days 00:00:32.497000,0 days 00:00:43.234000,0 days 00:00:29.143000,INTERMEDIATE,10.0,True,2.0,1,True
OCO,29.0,0 days 00:01:45.498000,0 days 00:00:32.758000,0 days 00:00:43.632000,0 days 00:00:29.108000,INTERMEDIATE,11.0,True,2.0,1,True
OCO,30.0,0 days 00:01:46.803000,0 days 00:00:33.675000,0 days 00:00:44.280000,0 days 00:00:28.848000,INTERMEDIATE,12.0,True,2.0,1,True
OCO,31.0,0 days 00:01:44.509000,0 days 00:00:32.464000,0 days 00:00:43.598000,0 days 00:00:28.447000,INTERMEDIATE,13.0,True,2.0,1,True
OCO,32.0,0 days 00:01:43.911000,0 days 00:00:32.566000,0 days 00:00:42.937000,0 days 00:00:28.408000,INTERMEDIATE,14.0,True,2.0,1,True
OCO,33.0,0 days 00:01:43.970000,0 days 00:00:32.672000,0 days 00:00:43.108000,0 days 00:00:28.190000,INTERMEDIATE,15.0,True,2.0,1,True
OCO,34.0,0 days 00:01:44.039000,0 days 00:00:32.441000,0 days 00:00:43.222000,0 days 00:00:28.376000,INTERMEDIATE,16.0,True,2.0,1,True
OCO,35.0,0 days 00:01:43.436000,0 days 00:00:32.411000,0 days 00:00:43.013000,0 days 00:00:28.012000,INTERMEDIATE,17.0,True,2.0,1,True
OCO,36.0,0 days 00:01:42.888000,0 days 00:00:32.440000,0 days 00:00:42.479000,0 days 00:00:27.969000,INTERMEDIATE,18.0,True,2.0,1,True
OCO,37.0,0 days 00:01:42.966000,0 days 00:00:32.358000,0 days 00:00:42.586000,0 days 00:00:28.022000,INTERMEDIATE,19.0,True,2.0,1,True
OCO,38.0,0 days 00:01:42.672000,0 days 00:00:32.272000,0 days 00:00:42.448000,0 days 00:00:27.952000,INTERMEDIATE,20.0,True,2.0,1,True
OCO,39.0,0 days 00:01:42.059000,0 days 00:00:32.269000,0 days 00:00:42.057000,0 days 00:00:27.733000,INTERMEDIATE,21.0,True,2.0,12,True
OCO,40.0,0 days 00:01:41.975000,0 days 00:00:32.321000,0 days 00:00:42.228000,0 days 00:00:27.426000,INTERMEDIATE,22.0,True,2.0,1,True
OCO,41.0,0 days 00:01:42.031000,0 days 00:00:32.041000,0 days 00:00:42.487000,0 days 00:00:27.503000,INTERMEDIATE,23.0,True,2.0,1,True
OCO,44.0,0 days 00:01:36.001000,0 days 00:00:30.492000,0 days 00:00:39.588000,0 days 00:00:25.921000,MEDIUM,2.0,True,3.0,1,True
OCO,45.0,0 days 00:01:32.673000,0 days 00:00:29.498000,0 days 00:00:38.096000,0 days 00:00:25.079000,MEDIUM,3.0,True,3.0,1,True
OCO,46.0,0 days 00:01:32.560000,0 days 00:00:29.400000,0 days 00:00:37.954000,0 days 00:00:25.206000,MEDIUM,4.0,True,3.0,1,True
OCO,47.0,0 days 00:01:31.422000,0 days 00:00:29.282000,0 days 00:00:37.237000,0 days 00:00:24.903000,MEDIUM,5.0,True,3.0,1,True
OCO,48.0,0 days 00:01:30.823000,0 days 00:00:28.944000,0 days 00:00:37.037000,0 days 00:00:24.842000,MEDIUM,6.0,True,3.0,1,True
OCO,49.0,0 days 00:01:30.948000,0 days 00:00:29.173000,0 days 00:00:36.958000,0 days 00:00:24.817000,MEDIUM,7.0,True,3.0,1,True
OCO,50.0,0 days 00:01:31.216000,0 days 00:00:29.038000,0 days 00:00:37.361000,0 days 00:00:24.817000,MEDIUM,8.0,True,3.0,1,True
OCO,51.0,0 days 00:01:31.029000,0 days 00:00:29.075000,0 days 00:00:37.093000,0 days 00:00:24.861000,MEDIUM,9.0,True,3.0,1,True
OCO,52.0,0 days 00:01:30.818000,0 days 00:00:28.864000,0 days 00:00:36.941000,0 days 00:00:25.013000,MEDIUM,10.0,True,3.0,1,True
NOR,8.0,0 days 00:01:44.869000,0 days 00:00:32.657000,0 days 00:00:42.786000,0 days 00:00:29.426000,INTERMEDIATE,8.0,True,1.0,1,True
NOR,9.0,0 days 00:01:45.595000,0 days 00:00:32.526000,0 days 00:00:43.325000,0 days 00:00:29.744000,INTERMEDIATE,9.0,True,1.0,1,True
NOR,10.0,0 days 00:01:45.857000,0 days 00:00:32.396000,0 days 00:00:43.819000,0 days 00:00:29.642000,INTERMEDIATE,10.0,True,1.0,1,True
NOR,13.0,0 days 00:01:49.605000,0 days 00:00:33.267000,0 days 00:00:46.498000,0 days 00:00:29.840000,INTERMEDIATE,2.0,True,2.0,12,True
NOR,22.0,0 days 00:01:45.339000,0 days 00:00:33.952000,0 days 00:00:43.261000,0 days 00:00:28.126000,INTERMEDIATE,11.0,True,2.0,12,True
NOR,23.0,0 days 00:01:42.383000,0 days 00:00:32.364000,0 days 00:00:42.160000,0 days 00:00:27.859000,INTERMEDIATE,12.0,True,2.0,1,True
NOR,24.0,0 days 00:01:41.834000,0 days 00:00:32.087000,0 days 00:00:41.871000,0 days 00:00:27.876000,INTERMEDIATE,13.0,True,2.0,1,True
NOR,25.0,0 days 00:01:42.017000,0 days 00:00:31.971000,0 days 00:00:42.110000,0 days 00:00:27.936000,INTERMEDIATE,14.0,True,2.0,1,True
NOR,26.0,0 days 00:01:42.004000,0 days 00:00:32.026000,0 days 00:00:42.045000,0 days 00:00:27.933000,INTERMEDIATE,15.0,True,2.0,1,True
NOR,27.0,0 days 00:01:42.096000,0 days 00:00:31.862000,0 days 00:00:42.047000,0 days 00:00:28.187000,INTERMEDIATE,16.0,True,2.0,1,True
NOR,28.0,0 days 00:01:42.362000,0 days 00:00:31.994000,0 days 00:00:42.051000,0 days 00:00:28.317000,INTERMEDIATE,17.0,True,2.0,1,True
NOR,29.0,0 days 00:01:42.634000,0 days 00:00:32.082000,0 days 00:00:42.298000,0 days 00:00:28.254000,INTERMEDIATE,18.0,True,2.0,1,True
NOR,30.0,0 days 00:01:42.403000,0 days 00:00:32.014000,0 days 00:00:42.095000,0 days 00:00:28.294000,INTERMEDIATE,19.0,True,2.0,1,True
NOR,31.0,0 days 00:01:42.087000,0 days 00:00:31.974000,0 days 00:00:42.140000,0 days 00:00:27.973000,INTERMEDIATE,20.0,True,2.0,1,True
NOR,32.0,0 days 00:01:41.925000,0 days 00:00:31.920000,0 days 00:00:41.948000,0 days 00:00:28.057000,INTERMEDIATE,21.0,True,2.0,1,True
NOR,33.0,0 days 00:01:41.411000,0 days 00:00:31.961000,0 days 00:00:41.733000,0 days 00:00:27.717000,INTERMEDIATE,22.0,True,2.0,1,True
NOR,34.0,0 days 00:01:41.136000,0 days 00:00:31.952000,0 days 00:00:41.696000,0 days 00:00:27.488000,INTERMEDIATE,23.0,True,2.0,1,True
NOR,35.0,0 days 00:01:41.103000,0 days 00:00:31.757000,0 days 00:00:41.819000,0 days 00:00:27.527000,INTERMEDIATE,24.0,True,2.0,1,True
NOR,36.0,0 days 00:01:40.710000,0 days 00:00:31.889000,0 days 00:00:41.323000,0 days 00:00:27.498000,INTERMEDIATE,25.0,True,2.0,1,True
NOR,37.0,0 days 00:01:40.803000,0 days 00:00:31.943000,0 days 00:00:41.518000,0 days 00:00:27.342000,INTERMEDIATE,26.0,True,2.0,1,True
NOR,38.0,0 days 00:01:39.668000,0 days 00:00:31.754000,0 days 00:00:41.103000,0 days 00:00:26.811000,INTERMEDIATE,27.0,True,2.0,1,True
NOR,39.0,0 days 00:01:39.550000,0 days 00:00:31.646000,0 days 00:00:41.063000,0 days 00:00:26.841000,INTERMEDIATE,28.0,True,2.0,1,True
NOR,40.0,0 days 00:01:39.286000,0 days 00:00:31.664000,0 days 00:00:40.844000,0 days 00:00:26.778000,INTERMEDIATE,29.0,True,2.0,12,True
NOR,41.0,0 days 00:01:39.297000,0 days 00:00:31.556000,0 days 00:00:41.023000,0 days 00:00:26.718000,INTERMEDIATE,30.0,True,2.0,1,True
NOR,42.0,0 days 00:01:38.778000,0 days 00:00:31.697000,0 days 00:00:40.554000,0 days 00:00:26.527000,INTERMEDIATE,31.0,True,2.0,1,True
NOR,43.0,0 days 00:01:39.005000,0 days 00:00:31.622000,0 days 00:00:40.853000,0 days 00:00:26.530000,INTERMEDIATE,32.0,True,2.0,12,True
NOR,46.0,0 days 00:01:31.777000,0 days 00:00:29.904000,0 days 00:00:37.422000,0 days 00:00:24.451000,MEDIUM,2.0,True,3.0,1,True
NOR,47.0,0 days 00:01:30.035000,0 days 00:00:28.822000,0 days 00:00:36.828000,0 days 00:00:24.385000,MEDIUM,3.0,True,3.0,1,True
NOR,48.0,0 days 00:01:29.734000,0 days 00:00:28.748000,0 days 00:00:36.674000,0 days 00:00:24.312000,MEDIUM,4.0,True,3.0,1,True
NOR,49.0,0 days 00:01:30.235000,0 days 00:00:28.701000,0 days 00:00:37.042000,0 days 00:00:24.492000,MEDIUM,5.0,True,3.0,1,True
NOR,50.0,0 days 00:01:29.921000,0 days 00:00:28.791000,0 days 00:00:36.732000,0 days 00:00:24.398000,MEDIUM,6.0,True,3.0,1,True
NOR,51.0,0 days 00:01:30.269000,0 days 00:00:28.710000,0 days 00:00:37.048000,0 days 00:00:24.511000,MEDIUM,7.0,True,3.0,1,True
NOR,52.0,0 days 00:01:30.690000,0 days 00:00:28.812000,0 days 00:00:36.855000,0 days 00:00:25.023000,MEDIUM,8.0,True,3.0,1,True
HAM,8.0,0 days 00:01:46.102000,0 days 00:00:32.457000,0 days 00:00:43.174000,0 days 00:00:30.471000,INTERMEDIATE,8.0,True,1.0,1,True
HAM,9.0,0 days 00:01:48.049000,0 days 00:00:33.149000,0 days 00:00:44.203000,0 days 00:00:30.697000,INTERMEDIATE,9.0,True,1.0,1,True
HAM,10.0,0 days 00:01:48.242000,0 days 00:00:32.745000,0 days 00:00:44.528000,0 days 00:00:30.969000,INTERMEDIATE,10.0,True,1.0,1,True
HAM,22.0,0 days 00:01:50.026000,0 days 00:00:35.413000,0 days 00:00:45.486000,0 days 00:00:29.127000,INTERMEDIATE,11.0,True,2.0,12,True
HAM,23.0,0 days 00:01:45.518000,0 days 00:00:33.136000,0 days 00:00:43.544000,0 days 00:00:28.838000,INTERMEDIATE,12.0,True,2.0,1,True
HAM,24.0,0 days 00:01:45.853000,0 days 00:00:32.664000,0 days 00:00:44.641000,0 days 00:00:28.548000,INTERMEDIATE,13.0,True,2.0,1,True
HAM,25.0,0 days 00:01:43.720000,0 days 00:00:32.092000,0 days 00:00:43.236000,0 days 00:00:28.392000,INTERMEDIATE,14.0,True,2.0,1,True
HAM,26.0,0 days 00:01:43.735000,0 days 00:00:32.320000,0 days 00:00:43.057000,0 days 00:00:28.358000,INTERMEDIATE,15.0,True,2.0,1,True
HAM,27.0,0 days 00:01:42.922000,0 days 00:00:31.885000,0 days 00:00:42.601000,0 days 00:00:28.436000,INTERMEDIATE,16.0,True,2.0,1,True
HAM,28.0,0 days 00:01:43.668000,0 days 00:00:31.925000,0 days 00:00:42.851000,0 days 00:00:28.892000,INTERMEDIATE,17.0,True,2.0,1,True
HAM,29.0,0 days 00:01:43.851000,0 days 00:00:32.204000,0 days 00:00:43.082000,0 days 00:00:28.565000,INTERMEDIATE,18.0,True,2.0,1,True
HAM,30.0,0 days 00:01:43.570000,0 days 00:00:32.208000,0 days 00:00:42.719000,0 days 00:00:28.643000,INTERMEDIATE,19.0,True,2.0,1,True
HAM,31.0,0 days 00:01:43.590000,0 days 00:00:32.197000,0 days 00:00:42.802000,0 days 00:00:28.591000,INTERMEDIATE,20.0,True,2.0,1,True
HAM,32.0,0 days 00:01:43.029000,0 days 00:00:32.154000,0 days 00:00:42.291000,0 days 00:00:28.584000,INTERMEDIATE,21.0,True,2.0,1,True
HAM,33.0,0 days 00:01:42.567000,0 days 00:00:32.049000,0 days 00:00:42.267000,0 days 00:00:28.251000,INTERMEDIATE,22.0,True,2.0,1,True
HAM,34.0,0 days 00:01:43.044000,0 days 00:00:31.879000,0 days 00:00:42.677000,0 days 00:00:28.488000,INTERMEDIATE,23.0,True,2.0,1,True
HAM,35.0,0 days 00:01:41.444000,0 days 00:00:32.229000,0 days 00:00:41.588000,0 days 00:00:27.627000,INTERMEDIATE,24.0,True,2.0,1,True
HAM,36.0,0 days 00:01:41.354000,0 days 00:00:31.633000,0 days 00:00:41.726000,0 days 00:00:27.995000,INTERMEDIATE,25.0,True,2.0,1,True
HAM,37.0,0 days 00:01:40.507000,0 days 00:00:31.667000,0 days 00:00:41.518000,0 days 00:00:27.322000,INTERMEDIATE,26.0,True,2.0,1,True
HAM,38.0,0 days 00:01:41.149000,0 days 00:00:31.612000,0 days 00:00:42.056000,0 days 00:00:27.481000,INTERMEDIATE,27.0,True,2.0,1,True
HAM,39.0,0 days 00:01:40.836000,0 days 00:00:31.647000,0 days 00:00:41.690000,0 days 00:00:27.499000,INTERMEDIATE,28.0,True,2.0,1,True
HAM,40.0,0 days 00:01:40.697000,0 days 00:00:31.709000,0 days 00:00:41.498000,0 days 00:00:27.490000,INTERMEDIATE,29.0,True,2.0,12,True
HAM,43.0,0 days 00:01:36.929000,0 days 00:00:31.696000,0 days 00:00:39.455000,0 days 00:00:25.778000,SOFT,5.0,False,3.0,12,True
HAM,44.0,0 days 00:01:34.874000,0 days 00:00:31.069000,0 days 00:00:38.644000,0 days 00:00:25.161000,SOFT,6.0,False,3.0,12,True
HAM,45.0,0 days 00:01:33.938000,0 days 00:00:30.560000,0 days 00:00:38.220000,0 days 00:00:25.158000,SOFT,7.0,False,3.0,1,True
HAM,46.0,0 days 00:01:31.328000,0 days 00:00:29.560000,0 days 00:00:37.279000,0 days 00:00:24.489000,SOFT,8.0,False,3.0,1,True
HAM,47.0,0 days 00:01:33.108000,0 days 00:00:29.075000,0 days 00:00:38.708000,0 days 00:00:25.325000,SOFT,9.0,False,3.0,1,True
HAM,48.0,0 days 00:01:30.785000,0 days 00:00:29.155000,0 days 00:00:37.105000,0 days 00:00:24.525000,SOFT,10.0,False,3.0,1,True
HAM,49.0,0 days 00:01:30.016000,0 days 00:00:28.909000,0 days 00:00:36.740000,0 days 00:00:24.367000,SOFT,11.0,False,3.0,1,True
HAM,50.0,0 days 00:01:30.775000,0 days 00:00:29.002000,0 days 00:00:37.106000,0 days 00:00:24.667000,SOFT,12.0,False,3.0,1,True
HAM,51.0,0 days 00:01:30.664000,0 days 00:00:29.140000,0 days 00:00:37.015000,0 days 00:00:24.509000,SOFT,13.0,False,3.0,1,True
HAM,52.0,0 days 00:01:31.662000,0 days 00:00:29.278000,0 days 00:00:37.354000,0 days 00:00:25.030000,SOFT,14.0,False,3.0,1,True
SAI,8.0,0 days 00:01:46.227000,0 days 00:00:32.323000,0 days 00:00:43.458000,0 days 00:00:30.446000,INTERMEDIATE,8.0,True,1.0,1,True
SAI,9.0,0 days 00:01:47.819000,0 days 00:00:32.922000,0 days 00:00:44.350000,0 days 00:00:30.547000,INTERMEDIATE,9.0,True,1.0,1,True
SAI,10.0,0 days 00:01:48.531000,0 days 00:00:33.070000,0 days 00:00:44.821000,0 days 00:00:30.640000,INTERMEDIATE,10.0,True,1.0,1,True
SAI,22.0,0 days 00:01:50.697000,0 days 00:00:35.259000,0 days 00:00:45.959000,0 days 00:00:29.479000,INTERMEDIATE,11.0,True,2.0,12,True
SAI,23.0,0 days 00:01:45.893000,0 days 00:00:33.174000,0 days 00:00:43.973000,0 days 00:00:28.746000,INTERMEDIATE,12.0,True,2.0,1,True
SAI,24.0,0 days 00:01:44.859000,0 days 00:00:32.569000,0 days 00:00:43.736000,0 days 00:00:28.554000,INTERMEDIATE,13.0,True,2.0,1,True
SAI,25.0,0 days 00:01:44.229000,0 days 00:00:32.396000,0 days 00:00:43.332000,0 days 00:00:28.501000,INTERMEDIATE,14.0,True,2.0,1,True
SAI,26.0,0 days 00:01:44.287000,0 days 00:00:32.451000,0 days 00:00:43.298000,0 days 00:00:28.538000,INTERMEDIATE,15.0,True,2.0,1,True
SAI,27.0,0 days 00:01:43.772000,0 days 00:00:32.231000,0 days 00:00:43.073000,0 days 00:00:28.468000,INTERMEDIATE,16.0,True,2.0,1,True
SAI,28.0,0 days 00:01:44.265000,0 days 00:00:32.356000,0 days 00:00:43.235000,0 days 00:00:28.674000,INTERMEDIATE,17.0,True,2.0,1,True
SAI,29.0,0 days 00:01:44.379000,0 days 00:00:32.469000,0 days 00:00:43.196000,0 days 00:00:28.714000,INTERMEDIATE,18.0,True,2.0,1,True
SAI,30.0,0 days 00:01:44.712000,0 days 00:00:32.602000,0 days 00:00:43.417000,0 days 00:00:28.693000,INTERMEDIATE,19.0,True,2.0,1,True
SAI,31.0,0 days 00:01:44.747000,0 days 00:00:32.558000,0 days 00:00:43.458000,0 days 00:00:28.731000,INTERMEDIATE,20.0,True,2.0,1,True
SAI,32.0,0 days 00:01:45.107000,0 days 00:00:32.771000,0 days 00:00:43.682000,0 days 00:00:28.654000,INTERMEDIATE,21.0,True,2.0,1,True
SAI,33.0,0 days 00:01:44.414000,0 days 00:00:32.536000,0 days 00:00:43.294000,0 days 00:00:28.584000,INTERMEDIATE,22.0,True,2.0,1,True
SAI,34.0,0 days 00:01:45.146000,0 days 00:00:32.402000,0 days 00:00:43.282000,0 days 00:00:29.462000,INTERMEDIATE,23.0,True,2.0,1,True
SAI,35.0,0 days 00:01:44.475000,0 days 00:00:32.910000,0 days 00:00:43.248000,0 days 00:00:28.317000,INTERMEDIATE,24.0,True,2.0,1,True
SAI,36.0,0 days 00:01:43.152000,0 days 00:00:32.264000,0 days 00:00:42.745000,0 days 00:00:28.143000,INTERMEDIATE,25.0,True,2.0,1,True
SAI,37.0,0 days 00:01:43.057000,0 days 00:00:32.305000,0 days 00:00:42.797000,0 days 00:00:27.955000,INTERMEDIATE,26.0,True,2.0,1,True
SAI,38.0,0 days 00:01:42.692000,0 days 00:00:32.224000,0 days 00:00:42.545000,0 days 00:00:27.923000,INTERMEDIATE,27.0,True,2.0,1,True
SAI,39.0,0 days 00:01:43.891000,0 days 00:00:33.335000,0 days 00:00:42.887000,0 days 00:00:27.669000,INTERMEDIATE,28.0,True,2.0,12,True
SAI,40.0,0 days 00:01:42.143000,0 days 00:00:32.352000,0 days 00:00:42.285000,0 days 00:00:27.506000,INTERMEDIATE,29.0,True,2.0,1,True
SAI,43.0,0 days 00:01:47.371000,0 days 00:00:32.094000,0 days 00:00:42.419000,0 days 00:00:32.858000,MEDIUM,2.0,True,3.0,12,True
SAI,44.0,0 days 00:01:36.504000,0 days 00:00:30.791000,0 days 00:00:39.911000,0 days 00:00:25.802000,MEDIUM,3.0,True,3.0,1,True
SAI,45.0,0 days 00:01:33.517000,0 days 00:00:29.711000,0 days 00:00:38.632000,0 days 00:00:25.174000,MEDIUM,4.0,True,3.0,1,True
SAI,46.0,0 days 00:01:34.080000,0 days 00:00:29.392000,0 days 00:00:39.620000,0 days 00:00:25.068000,MEDIUM,5.0,True,3.0,1,True
SAI,47.0,0 days 00:01:31.822000,0 days 00:00:29.118000,0 days 00:00:37.929000,0 days 00:00:24.775000,MEDIUM,6.0,True,3.0,1,True
SAI,48.0,0 days 00:01:31.070000,0 days 00:00:28.996000,0 days 00:00:37.444000,0 days 00:00:24.630000,MEDIUM,7.0,True,3.0,1,True
SAI,49.0,0 days 00:01:30.952000,0 days 00:00:29.045000,0 days 00:00:37.284000,0 days 00:00:24.623000,MEDIUM,8.0,True,3.0,1,True
SAI,50.0,0 days 00:01:31.965000,0 days 00:00:29.867000,0 days 00:00:37.265000,0 days 00:00:24.833000,MEDIUM,9.0,True,3.0,1,True
SAI,51.0,0 days 00:01:31.017000,0 days 00:00:29.168000,0 days 00:00:37.039000,0 days 00:00:24.810000,MEDIUM,10.0,True,3.0,1,True
SAI,52.0,0 days 00:01:30.645000,0 days 00:00:28.927000,0 days 00:00:36.976000,0 days 00:00:24.742000,MEDIUM,11.0,True,3.0,1,True
HAD,4.0,0 days 00:01:53.542000,0 days 00:00:37.387000,0 days 00:00:42.421000,0 days 00:00:33.734000,MEDIUM,4.0,True,1.0,12,True
HAD,8.0,0 days 00:01:43.759000,0 days 00:00:33.559000,0 days 00:00:38.899000,0 days 00:00:31.301000,MEDIUM,8.0,True,1.0,1,True
HAD,9.0,0 days 00:01:41.705000,0 days 00:00:32.709000,0 days 00:00:38.545000,0 days 00:00:30.451000,MEDIUM,9.0,True,1.0,1,True
HAD,12.0,0 days 00:01:48.339000,0 days 00:00:33.888000,0 days 00:00:44.272000,0 days 00:00:30.179000,INTERMEDIATE,2.0,True,2.0,1,True
RUS,4.0,0 days 00:01:51.418000,0 days 00:00:35.919000,0 days 00:00:42.781000,0 days 00:00:32.718000,HARD,4.0,True,1.0,12,True
RUS,8.0,0 days 00:01:41.287000,0 days 00:00:31.912000,0 days 00:00:38.915000,0 days 00:00:30.460000,HARD,8.0,True,1.0,1,True
RUS,9.0,0 days 00:01:41.503000,0 days 00:00:31.324000,0 days 00:00:38.957000,0 days 00:00:31.222000,HARD,9.0,True,1.0,1,True
RUS,12.0,0 days 00:01:47.571000,0 days 00:00:32.830000,0 days 00:00:45.089000,0 days 00:00:29.652000,INTERMEDIATE,2.0,True,2.0,1,True
RUS,22.0,0 days 00:01:50.251000,0 days 00:00:35.346000,0 days 00:00:45.805000,0 days 00:00:29.100000,INTERMEDIATE,12.0,True,2.0,12,True
RUS,23.0,0 days 00:01:45.370000,0 days 00:00:32.932000,0 days 00:00:43.933000,0 days 00:00:28.505000,INTERMEDIATE,13.0,True,2.0,1,True
RUS,24.0,0 days 00:01:44.023000,0 days 00:00:32.574000,0 days 00:00:43.337000,0 days 00:00:28.112000,INTERMEDIATE,14.0,True,2.0,1,True
RUS,25.0,0 days 00:01:44.303000,0 days 00:00:32.245000,0 days 00:00:43.464000,0 days 00:00:28.594000,INTERMEDIATE,15.0,True,2.0,1,True
RUS,26.0,0 days 00:01:44.890000,0 days 00:00:32.417000,0 days 00:00:43.440000,0 days 00:00:29.033000,INTERMEDIATE,16.0,True,2.0,1,True
RUS,27.0,0 days 00:01:43.854000,0 days 00:00:32.288000,0 days 00:00:42.960000,0 days 00:00:28.606000,INTERMEDIATE,17.0,True,2.0,1,True
RUS,28.0,0 days 00:01:43.669000,0 days 00:00:32.295000,0 days 00:00:42.763000,0 days 00:00:28.611000,INTERMEDIATE,18.0,True,2.0,1,True
RUS,29.0,0 days 00:01:43.869000,0 days 00:00:32.294000,0 days 00:00:42.904000,0 days 00:00:28.671000,INTERMEDIATE,19.0,True,2.0,1,True
RUS,30.0,0 days 00:01:44.714000,0 days 00:00:32.581000,0 days 00:00:43.329000,0 days 00:00:28.804000,INTERMEDIATE,20.0,True,2.0,1,True
RUS,31.0,0 days 00:01:44.706000,0 days 00:00:32.473000,0 days 00:00:43.362000,0 days 00:00:28.871000,INTERMEDIATE,21.0,True,2.0,1,True
RUS,32.0,0 days 00:01:44.186000,0 days 00:00:32.464000,0 days 00:00:43.019000,0 days 00:00:28.703000,INTERMEDIATE,22.0,True,2.0,1,True
RUS,33.0,0 days 00:01:44.928000,0 days 00:00:32.259000,0 days 00:00:43.664000,0 days 00:00:29.005000,INTERMEDIATE,23.0,True,2.0,1,True
RUS,34.0,0 days 00:01:44.359000,0 days 00:00:32.311000,0 days 00:00:43.740000,0 days 00:00:28.308000,INTERMEDIATE,24.0,True,2.0,1,True
RUS,35.0,0 days 00:01:42.795000,0 days 00:00:32.079000,0 days 00:00:42.637000,0 days 00:00:28.079000,INTERMEDIATE,25.0,True,2.0,1,True
RUS,36.0,0 days 00:01:42.502000,0 days 00:00:32.073000,0 days 00:00:42.571000,0 days 00:00:27.858000,INTERMEDIATE,26.0,True,2.0,1,True
RUS,37.0,0 days 00:01:41.850000,0 days 00:00:31.954000,0 days 00:00:42.202000,0 days 00:00:27.694000,INTERMEDIATE,27.0,True,2.0,1,True
RUS,40.0,0 days 00:01:45.740000,0 days 00:00:33.925000,0 days 00:00:44.179000,0 days 00:00:27.636000,HARD,2.0,True,3.0,1,True
RUS,41.0,0 days 00:01:41.089000,0 days 00:00:32.213000,0 days 00:00:42.195000,0 days 00:00:26.681000,HARD,3.0,True,3.0,1,True
RUS,42.0,0 days 00:01:40.654000,0 days 00:00:31.360000,0 days 00:00:42.412000,0 days 00:00:26.882000,HARD,4.0,True,3.0,12,True
RUS,43.0,0 days 00:01:38.569000,0 days 00:00:30.735000,0 days 00:00:41.094000,0 days 00:00:26.740000,HARD,5.0,True,3.0,12,True
RUS,44.0,0 days 00:01:35.710000,0 days 00:00:30.268000,0 days 00:00:39.811000,0 days 00:00:25.631000,HARD,6.0,True,3.0,1,True
RUS,45.0,0 days 00:01:33.795000,0 days 00:00:29.818000,0 days 00:00:38.906000,0 days 00:00:25.071000,HARD,7.0,True,3.0,1,True
RUS,46.0,0 days 00:01:32.141000,0 days 00:00:29.166000,0 days 00:00:38.171000,0 days 00:00:24.804000,HARD,8.0,True,3.0,1,True
RUS,47.0,0 days 00:01:31.926000,0 days 00:00:29.151000,0 days 00:00:37.831000,0 days 00:00:24.944000,HARD,9.0,True,3.0,1,True
RUS,48.0,0 days 00:01:31.239000,0 days 00:00:29.048000,0 days 00:00:37.382000,0 days 00:00:24.809000,HARD,10.0,True,3.0,1,True
RUS,49.0,0 days 00:01:31.315000,0 days 00:00:29.062000,0 days 00:00:37.374000,0 days 00:00:24.879000,HARD,11.0,True,3.0,1,True
RUS,50.0,0 days 00:01:30.956000,0 days 00:00:29.004000,0 days 00:00:37.135000,0 days 00:00:24.817000,HARD,12.0,True,3.0,1,True
RUS,51.0,0 days 00:01:30.869000,0 days 00:00:29.021000,0 days 00:00:36.896000,0 days 00:00:24.952000,HARD,13.0,True,3.0,1,True
RUS,52.0,0 days 00:01:31.900000,0 days 00:00:28.998000,0 days 00:00:37.424000,0 days 00:00:25.478000,HARD,14.0,True,3.0,1,True
PIA,8.0,0 days 00:01:44.171000,0 days 00:00:31.681000,0 days 00:00:43.106000,0 days 00:00:29.384000,INTERMEDIATE,8.0,True,1.0,1,True
PIA,9.0,0 days 00:01:44.393000,0 days 00:00:32.311000,0 days 00:00:42.336000,0 days 00:00:29.746000,INTERMEDIATE,9.0,True,1.0,1,True
PIA,10.0,0 days 00:01:44.890000,0 days 00:00:32.185000,0 days 00:00:43.284000,0 days 00:00:29.421000,INTERMEDIATE,10.0,True,1.0,1,True
PIA,13.0,0 days 00:01:47.585000,0 days 00:00:32.915000,0 days 00:00:45.072000,0 days 00:00:29.598000,INTERMEDIATE,2.0,True,2.0,1,True
PIA,22.0,0 days 00:01:44.494000,0 days 00:00:33.313000,0 days 00:00:42.772000,0 days 00:00:28.409000,INTERMEDIATE,11.0,True,2.0,12,True
PIA,23.0,0 days 00:01:42.300000,0 days 00:00:32.244000,0 days 00:00:41.849000,0 days 00:00:28.207000,INTERMEDIATE,12.0,True,2.0,1,True
PIA,24.0,0 days 00:01:41.978000,0 days 00:00:32.135000,0 days 00:00:41.590000,0 days 00:00:28.253000,INTERMEDIATE,13.0,True,2.0,1,True
PIA,25.0,0 days 00:01:41.581000,0 days 00:00:31.977000,0 days 00:00:41.713000,0 days 00:00:27.891000,INTERMEDIATE,14.0,True,2.0,1,True
PIA,26.0,0 days 00:01:41.646000,0 days 00:00:31.823000,0 days 00:00:41.962000,0 days 00:00:27.861000,INTERMEDIATE,15.0,True,2.0,1,True
PIA,27.0,0 days 00:01:42.133000,0 days 00:00:31.792000,0 days 00:00:42.311000,0 days 00:00:28.030000,INTERMEDIATE,16.0,True,2.0,1,True
PIA,28.0,0 days 00:01:42.428000,0 days 00:00:32.004000,0 days 00:00:42.272000,0 days 00:00:28.152000,INTERMEDIATE,17.0,True,2.0,1,True
PIA,29.0,0 days 00:01:42.815000,0 days 00:00:32.093000,0 days 00:00:42.455000,0 days 00:00:28.267000,INTERMEDIATE,18.0,True,2.0,1,True
PIA,30.0,0 days 00:01:42.887000,0 days 00:00:32.008000,0 days 00:00:42.543000,0 days 00:00:28.336000,INTERMEDIATE,19.0,True,2.0,1,True
PIA,31.0,0 days 00:01:42.642000,0 days 00:00:32.061000,0 days 00:00:42.638000,0 days 00:00:27.943000,INTERMEDIATE,20.0,True,2.0,1,True
PIA,32.0,0 days 00:01:42.010000,0 days 00:00:31.913000,0 days 00:00:42.163000,0 days 00:00:27.934000,INTERMEDIATE,21.0,True,2.0,1,True
PIA,33.0,0 days 00:01:41.663000,0 days 00:00:31.885000,0 days 00:00:41.893000,0 days 00:00:27.885000,INTERMEDIATE,22.0,True,2.0,1,True
PIA,34.0,0 days 00:01:41.386000,0 days 00:00:31.863000,0 days 00:00:41.864000,0 days 00:00:27.659000,INTERMEDIATE,23.0,True,2.0,1,True
PIA,35.0,0 days 00:01:41.091000,0 days 00:00:31.824000,0 days 00:00:41.694000,0 days 00:00:27.573000,INTERMEDIATE,24.0,True,2.0,1,True
PIA,36.0,0 days 00:01:40.970000,0 days 00:00:31.707000,0 days 00:00:41.630000,0 days 00:00:27.633000,INTERMEDIATE,25.0,True,2.0,1,True
PIA,37.0,0 days 00:01:40.351000,0 days 00:00:31.790000,0 days 00:00:41.242000,0 days 00:00:27.319000,INTERMEDIATE,26.0,True,2.0,1,True
PIA,38.0,0 days 00:01:40.127000,0 days 00:00:31.558000,0 days 00:00:41.292000,0 days 00:00:27.277000,INTERMEDIATE,27.0,True,2.0,1,True
PIA,39.0,0 days 00:01:39.800000,0 days 00:00:31.658000,0 days 00:00:41.125000,0 days 00:00:27.017000,INTERMEDIATE,28.0,True,2.0,1,True
PIA,40.0,0 days 00:01:39.461000,0 days 00:00:31.504000,0 days 00:00:40.917000,0 days 00:00:27.040000,INTERMEDIATE,29.0,True,2.0,12,True
PIA,41.0,0 days 00:01:39.273000,0 days 00:00:31.453000,0 days 00:00:40.804000,0 days 00:00:27.016000,INTERMEDIATE,30.0,True,2.0,1,True
PIA,42.0,0 days 00:01:38.870000,0 days 00:00:31.535000,0 days 00:00:40.363000,0 days 00:00:26.972000,INTERMEDIATE,31.0,True,2.0,1,True
PIA,45.0,0 days 00:01:34.870000,0 days 00:00:29.980000,0 days 00:00:39.219000,0 days 00:00:25.671000,MEDIUM,2.0,True,3.0,1,True
PIA,46.0,0 days 00:01:31.673000,0 days 00:00:29.556000,0 days 00:00:37.438000,0 days 00:00:24.679000,MEDIUM,3.0,True,3.0,1,True
PIA,47.0,0 days 00:01:30.609000,0 days 00:00:29.190000,0 days 00:00:36.888000,0 days 00:00:24.531000,MEDIUM,4.0,True,3.0,1,True
PIA,48.0,0 days 00:01:30.817000,0 days 00:00:29.194000,0 days 00:00:37.126000,0 days 00:00:24.497000,MEDIUM,5.0,True,3.0,1,True
PIA,49.0,0 days 00:01:30.209000,0 days 00:00:28.878000,0 days 00:00:36.828000,0 days 00:00:24.503000,MEDIUM,6.0,True,3.0,1,True
PIA,50.0,0 days 00:01:29.686000,0 days 00:00:28.864000,0 days 00:00:36.518000,0 days 00:00:24.304000,MEDIUM,7.0,True,3.0,1,True
PIA,51.0,0 days 00:01:29.337000,0 days 00:00:28.705000,0 days 00:00:36.333000,0 days 00:00:24.299000,MEDIUM,8.0,True,3.0,1,True
PIA,52.0,0 days 00:01:32.340000,0 days 00:00:28.768000,0 days 00:00:38.663000,0 days 00:00:24.909000,MEDIUM,9.0,True,3.0,1,True
BEA,4.0,0 days 00:01:51.955000,0 days 00:00:37.218000,0 days 00:00:41.454000,0 days 00:00:33.283000,HARD,4.0,True,1.0,12,True
BEA,8.0,0 days 00:01:44.011000,0 days 00:00:33.383000,0 days 00:00:38.878000,0 days 00:00:31.750000,HARD,8.0,True,1.0,1,True
BEA,9.0,0 days 00:01:42.431000,0 days 00:00:32.593000,0 days 00:00:38.763000,0 days 00:00:31.075000,HARD,9.0,True,1.0,1,True
BEA,12.0,0 days 00:01:48.510000,0 days 00:00:34.010000,0 days 00:00:44.576000,0 days 00:00:29.924000,INTERMEDIATE,2.0,True,2.0,1,True
BEA,22.0,0 days 00:01:54.756000,0 days 00:00:35.918000,0 days 00:00:48.918000,0 days 00:00:29.920000,INTERMEDIATE,12.0,True,2.0,12,True
BEA,23.0,0 days 00:01:47.955000,0 days 00:00:33.811000,0 days 00:00:44.782000,0 days 00:00:29.362000,INTERMEDIATE,13.0,True,2.0,1,True
BEA,24.0,0 days 00:01:45.308000,0 days 00:00:32.770000,0 days 00:00:43.329000,0 days 00:00:29.209000,INTERMEDIATE,14.0,True,2.0,1,True
BEA,25.0,0 days 00:01:44.627000,0 days 00:00:32.492000,0 days 00:00:43.290000,0 days 00:00:28.845000,INTERMEDIATE,15.0,True,2.0,1,True
BEA,26.0,0 days 00:01:43.157000,0 days 00:00:32.451000,0 days 00:00:42.487000,0 days 00:00:28.219000,INTERMEDIATE,16.0,True,2.0,1,True
BEA,27.0,0 days 00:01:42.738000,0 days 00:00:32.057000,0 days 00:00:42.097000,0 days 00:00:28.584000,INTERMEDIATE,17.0,True,2.0,1,True
BEA,28.0,0 days 00:01:43.912000,0 days 00:00:32.415000,0 days 00:00:42.648000,0 days 00:00:28.849000,INTERMEDIATE,18.0,True,2.0,1,True
BEA,29.0,0 days 00:01:44.926000,0 days 00:00:32.721000,0 days 00:00:43.165000,0 days 00:00:29.040000,INTERMEDIATE,19.0,True,2.0,1,True
BEA,30.0,0 days 00:01:44.269000,0 days 00:00:32.802000,0 days 00:00:42.796000,0 days 00:00:28.671000,INTERMEDIATE,20.0,True,2.0,1,True
BEA,31.0,0 days 00:01:44,0 days 00:00:32.650000,0 days 00:00:42.843000,0 days 00:00:28.507000,INTERMEDIATE,21.0,True,2.0,1,True
BEA,32.0,0 days 00:01:43.978000,0 days 00:00:32.594000,0 days 00:00:43.040000,0 days 00:00:28.344000,INTERMEDIATE,22.0,True,2.0,1,True
BEA,33.0,0 days 00:01:43.937000,0 days 00:00:32.576000,0 days 00:00:42.987000,0 days 00:00:28.374000,INTERMEDIATE,23.0,True,2.0,1,True
BEA,34.0,0 days 00:01:43.948000,0 days 00:00:32.528000,0 days 00:00:43.004000,0 days 00:00:28.416000,INTERMEDIATE,24.0,True,2.0,1,True
BEA,35.0,0 days 00:01:44.439000,0 days 00:00:32.516000,0 days 00:00:43.479000,0 days 00:00:28.444000,INTERMEDIATE,25.0,True,2.0,1,True
BEA,36.0,0 days 00:01:42.937000,0 days 00:00:32.293000,0 days 00:00:42.610000,0 days 00:00:28.034000,INTERMEDIATE,26.0,True,2.0,1,True
BEA,37.0,0 days 00:01:43.169000,0 days 00:00:32.253000,0 days 00:00:42.514000,0 days 00:00:28.402000,INTERMEDIATE,27.0,True,2.0,1,True
BEA,38.0,0 days 00:01:42.626000,0 days 00:00:32.469000,0 days 00:00:42.129000,0 days 00:00:28.028000,INTERMEDIATE,28.0,True,2.0,1,True
BEA,39.0,0 days 00:01:42.278000,0 days 00:00:32.213000,0 days 00:00:42.044000,0 days 00:00:28.021000,INTERMEDIATE,29.0,True,2.0,12,True
BEA,40.0,0 days 00:01:42.278000,0 days 00:00:32.010000,0 days 00:00:42.352000,0 days 00:00:27.916000,INTERMEDIATE,30.0,True,2.0,1,True
BEA,43.0,0 days 00:01:42.511000,0 days 00:00:30.737000,0 days 00:00:45.785000,0 days 00:00:25.989000,MEDIUM,2.0,True,3.0,12,True
BEA,44.0,0 days 00:01:34.874000,0 days 00:00:30.124000,0 days 00:00:39.106000,0 days 00:00:25.644000,MEDIUM,3.0,True,3.0,1,True
BEA,45.0,0 days 00:01:33.735000,0 days 00:00:29.412000,0 days 00:00:39.086000,0 days 00:00:25.237000,MEDIUM,4.0,True,3.0,1,True
BEA,46.0,0 days 00:01:32.102000,0 days 00:00:29.222000,0 days 00:00:37.831000,0 days 00:00:25.049000,MEDIUM,5.0,True,3.0,1,True
BEA,47.0,0 days 00:01:32.098000,0 days 00:00:29.435000,0 days 00:00:37.530000,0 days 00:00:25.133000,MEDIUM,6.0,True,3.0,1,True
BEA,48.0,0 days 00:01:31.041000,0 days 00:00:29.191000,0 days 00:00:37.115000,0 days 00:00:24.735000,MEDIUM,7.0,True,3.0,1,True
BEA,49.0,0 days 00:01:31.273000,0 days 00:00:29.030000,0 days 00:00:37.237000,0 days 00:00:25.006000,MEDIUM,8.0,True,3.0,1,True
BEA,50.0,0 days 00:01:30.921000,0 days 00:00:29.104000,0 days 00:00:37.062000,0 days 00:00:24.755000,MEDIUM,9.0,True,3.0,1,True
BEA,51.0,0 days 00:01:31.121000,0 days 00:00:29.159000,0 days 00:00:36.990000,0 days 00:00:24.972000,MEDIUM,10.0,True,3.0,1,True
BEA,52.0,0 days 00:01:32.585000,0 days 00:00:29.012000,0 days 00:00:38.590000,0 days 00:00:24.983000,MEDIUM,11.0,True,3.0,1,True
